"DateTime", "DOY", "TEWX", "TEWY", "TEWZ", "TEWF"
"2018/08/31 22:46:58",244, 1623244.80 1845043.20 1761484.80 3023563.59
"2018/08/31 22:46:59",244, 1620787.20 1844428.80 1762713.60 3022586.31
"2018/08/31 22:47:00",244, 1623859.20 1851187.20 1759641.60 3026574.19
"2018/08/31 22:47:01",244, 1623859.20 1845043.20 1760256.00 3023177.85
"2018/08/31 22:47:02",244, 1623244.80 1845043.20 1761484.80 3023563.59
"2018/08/31 22:47:03",244, 1623859.20 1850572.80 1759027.20 3025841.22
"2018/08/31 22:47:04",244, 1624473.60 1850572.80 1759027.20 3026170.99
"2018/08/31 22:47:05",244, 1620172.80 1844428.80 1763328.00 3022615.28
"2018/08/31 22:47:06",244, 1623859.20 1850572.80 1759027.20 3025841.22
"2018/08/31 22:47:07",244, 1624473.60 1845043.20 1761484.80 3024223.47
"2018/08/31 22:47:08",244, 1625702.40 1851187.20 1760256.00 3027920.66
"2018/08/31 22:47:09",244, 1625702.40 1851187.20 1759027.20 3027206.47
"2018/08/31 22:47:10",244, 1625702.40 1845043.20 1760256.00 3024168.30
"2018/08/31 22:47:11",244, 1625702.40 1846886.40 1760256.00 3025293.18
"2018/08/31 22:47:12",244, 1626316.80 1850572.80 1760870.40 3028232.25
"2018/08/31 22:47:13",244, 1626316.80 1851801.60 1757798.40 3027198.49
"2018/08/31 22:47:14",244, 1625702.40 1845657.60 1761484.80 3025258.50
"2018/08/31 22:47:15",244, 1626316.80 1848729.60 1759641.60 3026391.59
"2018/08/31 22:47:16",244, 1625702.40 1850572.80 1758412.80 3026473.78
"2018/08/31 22:47:17",244, 1622016.00 1845657.60 1762713.60 3023995.22
"2018/08/31 22:47:18",244, 1625702.40 1845657.60 1762099.20 3025616.28
"2018/08/31 22:47:19",244, 1625702.40 1850572.80 1758412.80 3026473.78
"2018/08/31 22:47:20",244, 1625088.00 1851801.60 1757798.40 3026538.52
"2018/08/31 22:47:21",244, 1625088.00 1851187.20 1759641.60 3027233.66
"2018/08/31 22:47:22",244, 1624473.60 1845043.20 1762099.20 3024581.37
"2018/08/31 22:47:23",244, 1624473.60 1845657.60 1760870.40 3024240.57
"2018/08/31 22:47:24",244, 1624473.60 1851187.20 1759027.20 3026546.75
"2018/08/31 22:47:25",244, 1624473.60 1845657.60 1760870.40 3024240.57
"2018/08/31 22:47:26",244, 1624473.60 1851187.20 1758412.80 3026189.70
"2018/08/31 22:47:27",244, 1622016.00 1845043.20 1763328.00 3023978.50
"2018/08/31 22:47:28",244, 1624473.60 1845043.20 1760870.40 3023865.65
"2018/08/31 22:47:29",244, 1624473.60 1851187.20 1759027.20 3026546.75
"2018/08/31 22:47:30",244, 1624473.60 1851187.20 1760870.40 3027618.39
"2018/08/31 22:47:31",244, 1623859.20 1851187.20 1758412.80 3025859.93
"2018/08/31 22:47:32",244, 1621401.60 1845043.20 1763328.00 3023648.99
"2018/08/31 22:47:33",244, 1624473.60 1851187.20 1761484.80 3027975.76
"2018/08/31 22:47:34",244, 1621401.60 1844428.80 1762713.60 3022915.81
"2018/08/31 22:47:35",244, 1625088.00 1850572.80 1759027.20 3026500.85
"2018/08/31 22:47:36",244, 1625088.00 1846886.40 1760870.40 3025320.64
"2018/08/31 22:47:37",244, 1625088.00 1851801.60 1759641.60 3027609.41
"2018/08/31 22:47:38",244, 1624473.60 1845657.60 1761484.80 3024598.35
"2018/08/31 22:47:39",244, 1624473.60 1845043.20 1762713.60 3024939.36
"2018/08/31 22:47:40",244, 1625088.00 1845657.60 1760256.00 3024212.98
"2018/08/31 22:47:41",244, 1625088.00 1851801.60 1758412.80 3026895.40
"2018/08/31 22:47:42",244, 1625088.00 1845043.20 1762713.60 3025269.35
"2018/08/31 22:47:43",244, 1625088.00 1851801.60 1759027.20 3027252.36
"2018/08/31 22:47:44",244, 1625088.00 1845657.60 1760256.00 3024212.98
"2018/08/31 22:47:45",244, 1625088.00 1845043.20 1762713.60 3025269.35
"2018/08/31 22:47:46",244, 1625088.00 1846272.00 1759641.60 3024230.46
"2018/08/31 22:47:47",244, 1625088.00 1851187.20 1759641.60 3027233.66
"2018/08/31 22:47:48",244, 1624473.60 1847500.80 1760870.40 3025365.80
"2018/08/31 22:47:49",244, 1622630.40 1845043.20 1762099.20 3023591.81
"2018/08/31 22:47:50",244, 1624473.60 1849344.00 1758412.80 3025062.53
"2018/08/31 22:47:51",244, 1622016.00 1843200.00 1764556.80 3023571.21
"2018/08/31 22:47:52",244, 1624473.60 1849344.00 1759641.60 3025776.97
"2018/08/31 22:47:53",244, 1625088.00 1850572.80 1759641.60 3026857.98
"2018/08/31 22:47:54",244, 1625088.00 1850572.80 1760870.40 3027572.50
"2018/08/31 22:47:55",244, 1625088.00 1851187.20 1759641.60 3027233.66
"2018/08/31 22:47:56",244, 1625088.00 1850572.80 1759641.60 3026857.98
"2018/08/31 22:47:57",244, 1624473.60 1845043.20 1763942.40 3025655.58
"2018/08/31 22:47:58",244, 1624473.60 1845043.20 1761484.80 3024223.47
"2018/08/31 22:47:59",244, 1625088.00 1845043.20 1760870.40 3024195.76
"2018/08/31 22:48:00",244, 1625088.00 1850572.80 1760870.40 3027572.50
"2018/08/31 22:48:01",244, 1625088.00 1851801.60 1759641.60 3027609.41
"2018/08/31 22:48:02",244, 1621401.60 1845043.20 1763328.00 3023648.99
"2018/08/31 22:48:03",244, 1623859.20 1845043.20 1764556.80 3025684.02
"2018/08/31 22:48:04",244, 1622016.00 1845043.20 1763328.00 3023978.50
"2018/08/31 22:48:05",244, 1625088.00 1851801.60 1759641.60 3027609.41
"2018/08/31 22:48:06",244, 1625088.00 1851801.60 1760870.40 3028323.75
"2018/08/31 22:48:07",244, 1625088.00 1851801.60 1759641.60 3027609.41
"2018/08/31 22:48:08",244, 1625088.00 1851801.60 1759027.20 3027252.36
"2018/08/31 22:48:09",244, 1625088.00 1845657.60 1762713.60 3025644.10
"2018/08/31 22:48:10",244, 1624473.60 1846272.00 1760870.40 3024615.57
"2018/08/31 22:48:11",244, 1624473.60 1845043.20 1760870.40 3023865.65
"2018/08/31 22:48:12",244, 1624473.60 1844428.80 1764556.80 3025639.23
"2018/08/31 22:48:13",244, 1624473.60 1851187.20 1759027.20 3026546.75
"2018/08/31 22:48:14",244, 1621401.60 1844428.80 1763328.00 3023274.12
"2018/08/31 22:48:15",244, 1624473.60 1850572.80 1762099.20 3027957.69
"2018/08/31 22:48:16",244, 1624473.60 1851187.20 1759641.60 3026903.88
"2018/08/31 22:48:17",244, 1620787.20 1843814.40 1763328.00 3022569.82
"2018/08/31 22:48:18",244, 1623244.80 1843814.40 1765171.20 3024963.57
"2018/08/31 22:48:19",244, 1624473.60 1850572.80 1758412.80 3025813.90
"2018/08/31 22:48:20",244, 1624473.60 1850572.80 1760256.00 3026885.42
"2018/08/31 22:48:21",244, 1624473.60 1849958.40 1760256.00 3026509.83
"2018/08/31 22:48:22",244, 1624473.60 1844428.80 1760256.00 3023133.02
"2018/08/31 22:48:23",244, 1624473.60 1844428.80 1761484.80 3023848.67
"2018/08/31 22:48:24",244, 1624473.60 1850572.80 1760870.40 3027242.76
"2018/08/31 22:48:25",244, 1621401.60 1844428.80 1762713.60 3022915.81
"2018/08/31 22:48:26",244, 1621401.60 1845043.20 1762099.20 3022932.54
"2018/08/31 22:48:27",244, 1624473.60 1850572.80 1760870.40 3027242.76
"2018/08/31 22:48:28",244, 1623859.20 1845043.20 1762099.20 3024251.43
"2018/08/31 22:48:29",244, 1624473.60 1849958.40 1759027.20 3025795.31
"2018/08/31 22:48:30",244, 1622630.40 1845043.20 1762713.60 3023949.91
"2018/08/31 22:48:31",244, 1625088.00 1845657.60 1760256.00 3024212.98
"2018/08/31 22:48:32",244, 1624473.60 1850572.80 1759027.20 3026170.99
"2018/08/31 22:48:33",244, 1625088.00 1851187.20 1762099.20 3028662.85
"2018/08/31 22:48:34",244, 1625088.00 1845657.60 1760870.40 3024570.64
"2018/08/31 22:48:35",244, 1625088.00 1850572.80 1758412.80 3026143.80
"2018/08/31 22:48:36",244, 1624473.60 1851187.20 1760870.40 3027618.39
"2018/08/31 22:48:37",244, 1622630.40 1845043.20 1762099.20 3023591.81
"2018/08/31 22:48:38",244, 1624473.60 1845043.20 1760870.40 3023865.65
"2018/08/31 22:48:39",244, 1620172.80 1844428.80 1765171.20 3023690.93
"2018/08/31 22:48:40",244, 1624473.60 1850572.80 1760256.00 3026885.42
"2018/08/31 22:48:41",244, 1624473.60 1846886.40 1759641.60 3024275.52
"2018/08/31 22:48:42",244, 1620172.80 1849958.40 1760256.00 3024203.56
"2018/08/31 22:48:43",244, 1624473.60 1845657.60 1760256.00 3023882.87
"2018/08/31 22:48:44",244, 1623859.20 1844428.80 1762099.20 3023876.63
"2018/08/31 22:48:45",244, 1617715.20 1843814.40 1765171.20 3021999.90
"2018/08/31 22:48:46",244, 1624473.60 1849958.40 1759027.20 3025795.31
"2018/08/31 22:48:47",244, 1622630.40 1844428.80 1762099.20 3023216.93
"2018/08/31 22:48:48",244, 1617715.20 1843814.40 1765171.20 3021999.90
"2018/08/31 22:48:49",244, 1623859.20 1844428.80 1762099.20 3023876.63
"2018/08/31 22:48:50",244, 1624473.60 1850572.80 1759641.60 3026528.16
"2018/08/31 22:48:51",244, 1620787.20 1850572.80 1761484.80 3025623.83
"2018/08/31 22:48:52",244, 1624473.60 1851187.20 1759641.60 3026903.88
"2018/08/31 22:48:53",244, 1623244.80 1845043.20 1762099.20 3023921.57
"2018/08/31 22:48:54",244, 1621401.60 1845043.20 1763328.00 3023648.99
"2018/08/31 22:48:55",244, 1624473.60 1845043.20 1761484.80 3024223.47
"2018/08/31 22:48:56",244, 1624473.60 1848729.60 1759641.60 3025401.49
"2018/08/31 22:48:57",244, 1621401.60 1851187.20 1760870.40 3025971.21
"2018/08/31 22:48:58",244, 1622016.00 1845043.20 1762713.60 3023620.27
"2018/08/31 22:48:59",244, 1622016.00 1845043.20 1762713.60 3023620.27
"2018/08/31 22:49:00",244, 1620172.80 1844428.80 1764556.80 3023332.30
"2018/08/31 22:49:01",244, 1624473.60 1845043.20 1762099.20 3024581.37
"2018/08/31 22:49:02",244, 1625088.00 1851187.20 1760256.00 3027590.83
"2018/08/31 22:49:03",244, 1622630.40 1848729.60 1760870.40 3025127.29
"2018/08/31 22:49:04",244, 1625088.00 1849958.40 1759027.20 3026125.21
"2018/08/31 22:49:05",244, 1624473.60 1846886.40 1761484.80 3025348.34
"2018/08/31 22:49:06",244, 1624473.60 1846272.00 1760256.00 3024257.92
"2018/08/31 22:49:07",244, 1625088.00 1850572.80 1759027.20 3026500.85
"2018/08/31 22:49:08",244, 1625088.00 1850572.80 1759641.60 3026857.98
"2018/08/31 22:49:09",244, 1625088.00 1841971.20 1762713.60 3023396.79
"2018/08/31 22:49:10",244, 1625088.00 1850572.80 1758412.80 3026143.80
"2018/08/31 22:49:11",244, 1625088.00 1847500.80 1759641.60 3024980.79
"2018/08/31 22:49:12",244, 1625088.00 1841971.20 1762713.60 3023396.79
"2018/08/31 22:49:13",244, 1625088.00 1845657.60 1760256.00 3024212.98
"2018/08/31 22:49:14",244, 1625088.00 1844428.80 1760870.40 3023820.96
"2018/08/31 22:49:15",244, 1625088.00 1841971.20 1762099.20 3023038.62
"2018/08/31 22:49:16",244, 1625088.00 1850572.80 1760256.00 3027215.20
"2018/08/31 22:49:17",244, 1625088.00 1850572.80 1760256.00 3027215.20
"2018/08/31 22:49:18",244, 1624473.60 1842585.60 1763328.00 3023799.23
"2018/08/31 22:49:19",244, 1624473.60 1850572.80 1758412.80 3025813.90
"2018/08/31 22:49:20",244, 1624473.60 1851187.20 1759027.20 3026546.75
"2018/08/31 22:49:21",244, 1624473.60 1843200.00 1761484.80 3023099.31
"2018/08/31 22:49:22",244, 1623244.80 1845043.20 1762713.60 3024279.64
"2018/08/31 22:49:23",244, 1624473.60 1851187.20 1759027.20 3026546.75
"2018/08/31 22:49:24",244, 1624473.60 1842585.60 1762713.60 3023440.99
"2018/08/31 22:49:25",244, 1624473.60 1851187.20 1759027.20 3026546.75
"2018/08/31 22:49:26",244, 1622016.00 1844428.80 1763328.00 3023603.67
"2018/08/31 22:49:27",244, 1624473.60 1844428.80 1760870.40 3023490.80
"2018/08/31 22:49:28",244, 1624473.60 1845043.20 1762099.20 3024581.37
"2018/08/31 22:49:29",244, 1624473.60 1846886.40 1760256.00 3024633.04
"2018/08/31 22:49:30",244, 1624473.60 1846272.00 1759027.20 3023542.87
"2018/08/31 22:49:31",244, 1624473.60 1851187.20 1759027.20 3026546.75
"2018/08/31 22:49:32",244, 1624473.60 1846886.40 1760256.00 3024633.04
"2018/08/31 22:49:33",244, 1625088.00 1843814.40 1760256.00 3023088.44
"2018/08/31 22:49:34",244, 1622630.40 1844428.80 1760870.40 3022500.88
"2018/08/31 22:49:35",244, 1625088.00 1849958.40 1760256.00 3026839.65
"2018/08/31 22:49:36",244, 1625088.00 1849344.00 1757798.40 3025035.45
"2018/08/31 22:49:37",244, 1624473.60 1847500.80 1769472.00 3030380.31
"2018/08/31 22:49:38",244, 1623859.20 1849958.40 1760256.00 3026180.10
"2018/08/31 22:49:39",244, 1623244.80 1843200.00 1762099.20 3022797.30
"2018/08/31 22:49:40",244, 1624473.60 1848729.60 1760870.40 3026116.35
"2018/08/31 22:49:41",244, 1623859.20 1849958.40 1763942.40 3028325.87
"2018/08/31 22:49:42",244, 1624473.60 1849958.40 1758412.80 3025438.17
"2018/08/31 22:49:43",244, 1624473.60 1849958.40 1760256.00 3026509.83
"2018/08/31 22:49:44",244, 1623859.20 1843814.40 1763942.40 3024576.50
"2018/08/31 22:49:45",244, 1624473.60 1849958.40 1757798.40 3025081.12
"2018/08/31 22:49:46",244, 1624473.60 1846272.00 1760870.40 3024615.57
"2018/08/31 22:49:47",244, 1623244.80 1843814.40 1763328.00 3023888.37
"2018/08/31 22:49:48",244, 1621401.60 1843814.40 1760870.40 3021466.41
"2018/08/31 22:49:49",244, 1623859.20 1849958.40 1759641.60 3025822.75
"2018/08/31 22:49:50",244, 1621401.60 1843814.40 1763328.00 3022899.32
"2018/08/31 22:49:51",244, 1624473.60 1849958.40 1757184.00 3024724.15
"2018/08/31 22:49:52",244, 1624473.60 1849958.40 1760256.00 3026509.83
"2018/08/31 22:49:53",244, 1624473.60 1846272.00 1761484.80 3024973.30
"2018/08/31 22:49:54",244, 1624473.60 1844428.80 1759027.20 3022417.70
"2018/08/31 22:49:55",244, 1624473.60 1849958.40 1759027.20 3025795.31
"2018/08/31 22:49:56",244, 1621401.60 1843814.40 1764556.80 3023616.28
"2018/08/31 22:49:57",244, 1624473.60 1849958.40 1758412.80 3025438.17
"2018/08/31 22:49:58",244, 1624473.60 1850572.80 1760870.40 3027242.76
"2018/08/31 22:49:59",244, 1624473.60 1850572.80 1759027.20 3026170.99
"2018/08/31 22:50:00",244, 1625088.00 1845043.20 1759641.60 3023480.44
"2018/08/31 22:50:01",244, 1625088.00 1851187.20 1759027.20 3026876.57
"2018/08/31 22:50:02",244, 1625088.00 1851187.20 1759641.60 3027233.66
"2018/08/31 22:50:03",244, 1625088.00 1851187.20 1759027.20 3026876.57
"2018/08/31 22:50:04",244, 1625088.00 1850572.80 1759641.60 3026857.98
"2018/08/31 22:50:05",244, 1623859.20 1845043.20 1762713.60 3024609.45
"2018/08/31 22:50:06",244, 1625088.00 1846886.40 1759027.20 3024248.18
"2018/08/31 22:50:07",244, 1621401.60 1844428.80 1763328.00 3023274.12
"2018/08/31 22:50:08",244, 1624473.60 1843814.40 1762099.20 3023831.94
"2018/08/31 22:50:09",244, 1623859.20 1844428.80 1762099.20 3023876.63
"2018/08/31 22:50:10",244, 1624473.60 1850572.80 1759027.20 3026170.99
"2018/08/31 22:50:11",244, 1623244.80 1843814.40 1763328.00 3023888.37
"2018/08/31 22:50:12",244, 1624473.60 1849958.40 1760256.00 3026509.83
"2018/08/31 22:50:13",244, 1622630.40 1843814.40 1762713.60 3023200.32
"2018/08/31 22:50:14",244, 1622016.00 1843814.40 1763328.00 3023228.92
"2018/08/31 22:50:15",244, 1623859.20 1849958.40 1760870.40 3026537.52
"2018/08/31 22:50:16",244, 1623859.20 1843814.40 1762713.60 3023860.03
"2018/08/31 22:50:17",244, 1624473.60 1848729.60 1760256.00 3025758.88
"2018/08/31 22:50:18",244, 1623859.20 1843814.40 1762713.60 3023860.03
"2018/08/31 22:50:19",244, 1624473.60 1844428.80 1762099.20 3024206.62
"2018/08/31 22:50:20",244, 1624473.60 1850572.80 1760870.40 3027242.76
"2018/08/31 22:50:21",244, 1624473.60 1849958.40 1759641.60 3026152.53
"2018/08/31 22:50:22",244, 1623244.80 1844428.80 1762713.60 3023904.85
"2018/08/31 22:50:23",244, 1622016.00 1844428.80 1763328.00 3023603.67
"2018/08/31 22:50:24",244, 1625088.00 1850572.80 1759027.20 3026500.85
"2018/08/31 22:50:25",244, 1625088.00 1851187.20 1761484.80 3028305.43
"2018/08/31 22:50:26",244, 1625088.00 1845043.20 1763328.00 3025627.38
"2018/08/31 22:50:27",244, 1625088.00 1851187.20 1760870.40 3027948.09
"2018/08/31 22:50:28",244, 1625702.40 1851187.20 1759641.60 3027563.53
"2018/08/31 22:50:29",244, 1624473.60 1845043.20 1763328.00 3025297.43
"2018/08/31 22:50:30",244, 1625702.40 1844428.80 1760870.40 3024151.20
"2018/08/31 22:50:31",244, 1625088.00 1847500.80 1760256.00 3025338.23
"2018/08/31 22:50:32",244, 1625088.00 1849958.40 1759641.60 3026482.39
"2018/08/31 22:50:33",244, 1625088.00 1846886.40 1760256.00 3024963.07
"2018/08/31 22:50:34",244, 1625088.00 1849958.40 1760870.40 3027197.00
"2018/08/31 22:50:35",244, 1624473.60 1849958.40 1761484.80 3027224.68
"2018/08/31 22:50:36",244, 1624473.60 1849958.40 1761484.80 3027224.68
"2018/08/31 22:50:37",244, 1624473.60 1849958.40 1761484.80 3027224.68
"2018/08/31 22:50:38",244, 1623859.20 1843814.40 1763942.40 3024576.50
"2018/08/31 22:50:39",244, 1623859.20 1843200.00 1763942.40 3024202.00
"2018/08/31 22:50:40",244, 1623859.20 1849344.00 1760870.40 3026162.01
"2018/08/31 22:50:41",244, 1623859.20 1849344.00 1762099.20 3026877.19
"2018/08/31 22:50:42",244, 1623859.20 1843200.00 1762099.20 3023127.28
"2018/08/31 22:50:43",244, 1623859.20 1845657.60 1760870.40 3023910.59
"2018/08/31 22:50:44",244, 1623859.20 1849958.40 1760256.00 3026180.10
"2018/08/31 22:50:45",244, 1623859.20 1849958.40 1762099.20 3027252.61
"2018/08/31 22:50:46",244, 1623859.20 1849958.40 1761484.80 3026895.02
"2018/08/31 22:50:47",244, 1623859.20 1843814.40 1762099.20 3023501.92
"2018/08/31 22:50:48",244, 1621401.60 1844428.80 1763942.40 3023632.51
"2018/08/31 22:50:49",244, 1623859.20 1843814.40 1763328.00 3024218.23
"2018/08/31 22:50:50",244, 1623244.80 1849958.40 1762713.60 3027280.79
"2018/08/31 22:50:51",244, 1620172.80 1843814.40 1765171.20 3023316.19
"2018/08/31 22:50:52",244, 1619558.40 1843814.40 1765171.20 3022986.99
"2018/08/31 22:50:53",244, 1624473.60 1845043.20 1762099.20 3024581.37
"2018/08/31 22:50:54",244, 1625088.00 1850572.80 1760870.40 3027572.50
"2018/08/31 22:50:55",244, 1624473.60 1850572.80 1762099.20 3027957.69
"2018/08/31 22:50:56",244, 1625088.00 1849344.00 1760256.00 3026464.18
"2018/08/31 22:50:57",244, 1624473.60 1850572.80 1760870.40 3027242.76
"2018/08/31 22:50:58",244, 1624473.60 1850572.80 1761484.80 3027600.18
"2018/08/31 22:50:59",244, 1621401.60 1844428.80 1763942.40 3023632.51
"2018/08/31 22:51:00",244, 1623859.20 1849958.40 1760256.00 3026180.10
"2018/08/31 22:51:01",244, 1624473.60 1849958.40 1761484.80 3027224.68
"2018/08/31 22:51:02",244, 1621401.60 1843814.40 1763942.40 3023257.76
"2018/08/31 22:51:03",244, 1623859.20 1843814.40 1761484.80 3023143.88
"2018/08/31 22:51:04",244, 1620787.20 1843200.00 1763942.40 3022553.59
"2018/08/31 22:51:05",244, 1623244.80 1843200.00 1763328.00 3023513.78
"2018/08/31 22:51:06",244, 1622630.40 1843200.00 1763328.00 3023183.97
"2018/08/31 22:51:07",244, 1623244.80 1848729.60 1762099.20 3026172.24
"2018/08/31 22:51:08",244, 1623859.20 1842585.60 1763942.40 3023827.57
"2018/08/31 22:51:09",244, 1623859.20 1843200.00 1762713.60 3023485.44
"2018/08/31 22:51:10",244, 1623244.80 1849344.00 1760256.00 3025474.85
"2018/08/31 22:51:11",244, 1621401.60 1843200.00 1764556.80 3023241.65
"2018/08/31 22:51:12",244, 1623244.80 1843200.00 1763942.40 3023872.14
"2018/08/31 22:51:13",244, 1621401.60 1843200.00 1764556.80 3023241.65
"2018/08/31 22:51:14",244, 1624473.60 1848729.60 1760870.40 3026116.35
"2018/08/31 22:51:15",244, 1624473.60 1848115.20 1760870.40 3025741.04
"2018/08/31 22:51:16",244, 1625088.00 1849344.00 1760870.40 3026821.57
"2018/08/31 22:51:17",244, 1624473.60 1849344.00 1760256.00 3026134.32
"2018/08/31 22:51:18",244, 1625088.00 1849958.40 1760256.00 3026839.65
"2018/08/31 22:51:19",244, 1623244.80 1843814.40 1763942.40 3024246.69
"2018/08/31 22:51:20",244, 1625088.00 1850572.80 1760256.00 3027215.20
"2018/08/31 22:51:21",244, 1625088.00 1850572.80 1760256.00 3027215.20
"2018/08/31 22:51:22",244, 1625088.00 1849958.40 1760870.40 3027197.00
"2018/08/31 22:51:23",244, 1625088.00 1850572.80 1760256.00 3027215.20
"2018/08/31 22:51:24",244, 1625088.00 1850572.80 1761484.80 3027929.89
"2018/08/31 22:51:25",244, 1624473.60 1849958.40 1762099.20 3027582.23
"2018/08/31 22:51:26",244, 1624473.60 1849344.00 1760256.00 3026134.32
"2018/08/31 22:51:27",244, 1623859.20 1850572.80 1761484.80 3027270.57
"2018/08/31 22:51:28",244, 1622016.00 1843814.40 1763328.00 3023228.92
"2018/08/31 22:51:29",244, 1621401.60 1843814.40 1763942.40 3023257.76
"2018/08/31 22:51:30",244, 1623244.80 1843814.40 1762713.60 3023530.13
"2018/08/31 22:51:31",244, 1622630.40 1843200.00 1763328.00 3023183.97
"2018/08/31 22:51:32",244, 1622016.00 1843200.00 1763942.40 3023212.68
"2018/08/31 22:51:33",244, 1623244.80 1843200.00 1762099.20 3022797.30
"2018/08/31 22:51:34",244, 1623244.80 1848729.60 1762099.20 3026172.24
"2018/08/31 22:51:35",244, 1623244.80 1845043.20 1761484.80 3023563.59
"2018/08/31 22:51:36",244, 1623244.80 1842585.60 1762713.60 3022780.94
"2018/08/31 22:51:37",244, 1622016.00 1842585.60 1763942.40 3022838.13
"2018/08/31 22:51:38",244, 1620787.20 1842585.60 1765171.20 3022896.33
"2018/08/31 22:51:39",244, 1623859.20 1843200.00 1762713.60 3023485.44
"2018/08/31 22:51:40",244, 1623859.20 1843200.00 1762099.20 3023127.28
"2018/08/31 22:51:41",244, 1624473.60 1848729.60 1762099.20 3026831.54
"2018/08/31 22:51:42",244, 1624473.60 1849344.00 1760256.00 3026134.32
"2018/08/31 22:51:43",244, 1625088.00 1848729.60 1761484.80 3026803.73
"2018/08/31 22:51:44",244, 1625088.00 1843200.00 1762713.60 3024145.58
"2018/08/31 22:51:45",244, 1625702.40 1843814.40 1762713.60 3024850.26
"2018/08/31 22:51:46",244, 1625702.40 1849958.40 1760256.00 3027169.56
"2018/08/31 22:51:47",244, 1625088.00 1844428.80 1763328.00 3025252.76
"2018/08/31 22:51:48",244, 1623244.80 1843814.40 1763942.40 3024246.69
"2018/08/31 22:51:49",244, 1625702.40 1849958.40 1760256.00 3027169.56
"2018/08/31 22:51:50",244, 1625088.00 1846272.00 1761484.80 3025303.29
"2018/08/31 22:51:51",244, 1625088.00 1849958.40 1762099.20 3027911.93
"2018/08/31 22:51:52",244, 1624473.60 1846272.00 1761484.80 3024973.30
"2018/08/31 22:51:53",244, 1621401.60 1843814.40 1765171.20 3023974.88
"2018/08/31 22:51:54",244, 1624473.60 1845657.60 1761484.80 3024598.35
"2018/08/31 22:51:55",244, 1623859.20 1849344.00 1760256.00 3025804.54
"2018/08/31 22:51:56",244, 1620787.20 1843200.00 1764556.80 3022912.19
"2018/08/31 22:51:57",244, 1623244.80 1849344.00 1760870.40 3025832.36
"2018/08/31 22:51:58",244, 1623244.80 1849344.00 1762713.60 3026905.37
"2018/08/31 22:51:59",244, 1622630.40 1848729.60 1761484.80 3025484.96
"2018/08/31 22:52:00",244, 1623244.80 1842585.60 1763328.00 3023139.26
"2018/08/31 22:52:01",244, 1622630.40 1848115.20 1760870.40 3024751.85
"2018/08/31 22:52:02",244, 1622630.40 1848729.60 1760870.40 3025127.29
"2018/08/31 22:52:03",244, 1623244.80 1848729.60 1762713.60 3026530.03
"2018/08/31 22:52:04",244, 1622630.40 1842585.60 1763942.40 3023167.86
"2018/08/31 22:52:05",244, 1623244.80 1848729.60 1762099.20 3026172.24
"2018/08/31 22:52:06",244, 1623859.20 1848115.20 1761484.80 3025768.86
"2018/08/31 22:52:07",244, 1623859.20 1842585.60 1763328.00 3023469.20
"2018/08/31 22:52:08",244, 1623859.20 1849344.00 1763328.00 3027592.70
"2018/08/31 22:52:09",244, 1623859.20 1843200.00 1763942.40 3024202.00
"2018/08/31 22:52:10",244, 1624473.60 1849344.00 1761484.80 3026849.25
"2018/08/31 22:52:11",244, 1625088.00 1849958.40 1762713.60 3028269.53
"2018/08/31 22:52:12",244, 1625088.00 1849958.40 1760870.40 3027197.00
"2018/08/31 22:52:13",244, 1625088.00 1846886.40 1762099.20 3026036.02
"2018/08/31 22:52:14",244, 1625088.00 1844428.80 1762713.60 3024894.68
"2018/08/31 22:52:15",244, 1625088.00 1849958.40 1760870.40 3027197.00
"2018/08/31 22:52:16",244, 1624473.60 1844428.80 1763942.40 3025280.96
"2018/08/31 22:52:17",244, 1625088.00 1846886.40 1761484.80 3025678.28
"2018/08/31 22:52:18",244, 1624473.60 1843814.40 1763328.00 3024548.17
"2018/08/31 22:52:19",244, 1624473.60 1849958.40 1762099.20 3027582.23
"2018/08/31 22:52:20",244, 1624473.60 1849344.00 1760870.40 3026491.74
"2018/08/31 22:52:21",244, 1623859.20 1849344.00 1760870.40 3026162.01
"2018/08/31 22:52:22",244, 1622630.40 1843814.40 1764556.80 3024275.39
"2018/08/31 22:52:23",244, 1623859.20 1843200.00 1763328.00 3023843.68
"2018/08/31 22:52:24",244, 1620787.20 1843200.00 1764556.80 3022912.19
"2018/08/31 22:52:25",244, 1620787.20 1843200.00 1765171.20 3023270.87
"2018/08/31 22:52:26",244, 1623859.20 1849344.00 1762099.20 3026877.19
"2018/08/31 22:52:27",244, 1623859.20 1843200.00 1762713.60 3023485.44
"2018/08/31 22:52:28",244, 1623859.20 1848729.60 1760870.40 3025786.58
"2018/08/31 22:52:29",244, 1620787.20 1843200.00 1764556.80 3022912.19
"2018/08/31 22:52:30",244, 1622630.40 1843200.00 1764556.80 3023900.85
"2018/08/31 22:52:31",244, 1623859.20 1848729.60 1760870.40 3025786.58
"2018/08/31 22:52:32",244, 1622630.40 1843814.40 1764556.80 3024275.39
"2018/08/31 22:52:33",244, 1624473.60 1843814.40 1764556.80 3025264.74
"2018/08/31 22:52:34",244, 1624473.60 1843814.40 1763328.00 3024548.17
"2018/08/31 22:52:35",244, 1623859.20 1843814.40 1764556.80 3024934.87
"2018/08/31 22:52:36",244, 1625088.00 1849958.40 1762713.60 3028269.53
"2018/08/31 22:52:37",244, 1624473.60 1843200.00 1763328.00 3024173.66
"2018/08/31 22:52:38",244, 1625088.00 1843200.00 1762099.20 3023787.50
"2018/08/31 22:52:39",244, 1624473.60 1843814.40 1763942.40 3024906.41
"2018/08/31 22:52:40",244, 1622016.00 1843814.40 1765171.20 3024304.35
"2018/08/31 22:52:41",244, 1624473.60 1843200.00 1763942.40 3024531.95
"2018/08/31 22:52:42",244, 1625088.00 1849344.00 1760870.40 3026821.57
"2018/08/31 22:52:43",244, 1624473.60 1849344.00 1763942.40 3028280.12
"2018/08/31 22:52:44",244, 1624473.60 1842585.60 1763942.40 3024157.56
"2018/08/31 22:52:45",244, 1620787.20 1842585.60 1765785.60 3023255.14
"2018/08/31 22:52:46",244, 1620787.20 1842585.60 1765171.20 3022896.33
"2018/08/31 22:52:47",244, 1623859.20 1842585.60 1763328.00 3023469.20
"2018/08/31 22:52:48",244, 1623859.20 1842585.60 1763328.00 3023469.20
"2018/08/31 22:52:49",244, 1622630.40 1842585.60 1764556.80 3023526.39
"2018/08/31 22:52:50",244, 1623244.80 1842585.60 1763942.40 3023497.67
"2018/08/31 22:52:51",244, 1620787.20 1842585.60 1765171.20 3022896.33
"2018/08/31 22:52:52",244, 1623244.80 1847500.80 1762099.20 3025421.70
"2018/08/31 22:52:53",244, 1620787.20 1842585.60 1765785.60 3023255.14
"2018/08/31 22:52:54",244, 1623859.20 1849344.00 1762713.60 3027234.90
"2018/08/31 22:52:55",244, 1623859.20 1847500.80 1762713.60 3026109.24
"2018/08/31 22:52:56",244, 1623244.80 1843200.00 1764556.80 3024230.58
"2018/08/31 22:52:57",244, 1624473.60 1843200.00 1762713.60 3023815.46
"2018/08/31 22:52:58",244, 1624473.60 1845657.60 1762713.60 3025314.15
"2018/08/31 22:52:59",244, 1623859.20 1845043.20 1764556.80 3025684.02
"2018/08/31 22:53:00",244, 1622630.40 1843814.40 1765171.20 3024633.92
"2018/08/31 22:53:01",244, 1625088.00 1849958.40 1760870.40 3027197.00
"2018/08/31 22:53:02",244, 1625088.00 1843814.40 1762713.60 3024520.09
"2018/08/31 22:53:03",244, 1621401.60 1843814.40 1765171.20 3023974.88
"2018/08/31 22:53:04",244, 1625702.40 1843814.40 1763942.40 3025566.50
"2018/08/31 22:53:05",244, 1625088.00 1843814.40 1763942.40 3025236.41
"2018/08/31 22:53:06",244, 1622630.40 1843814.40 1765171.20 3024633.92
"2018/08/31 22:53:07",244, 1624473.60 1843814.40 1764556.80 3025264.74
"2018/08/31 22:53:08",244, 1623244.80 1843200.00 1765785.60 3024947.72
"2018/08/31 22:53:09",244, 1625088.00 1849344.00 1762713.60 3027894.23
"2018/08/31 22:53:10",244, 1622016.00 1843200.00 1765785.60 3024288.50
"2018/08/31 22:53:11",244, 1624473.60 1843200.00 1763328.00 3024173.66
"2018/08/31 22:53:12",244, 1624473.60 1842585.60 1763942.40 3024157.56
"2018/08/31 22:53:13",244, 1623859.20 1842585.60 1765171.20 3024544.55
"2018/08/31 22:53:14",244, 1623859.20 1842585.60 1763942.40 3023827.57
"2018/08/31 22:53:15",244, 1623859.20 1842585.60 1763942.40 3023827.57
"2018/08/31 22:53:16",244, 1623859.20 1848729.60 1763328.00 3027217.45
"2018/08/31 22:53:17",244, 1623859.20 1842585.60 1763328.00 3023469.20
"2018/08/31 22:53:18",244, 1623859.20 1848729.60 1763328.00 3027217.45
"2018/08/31 22:53:19",244, 1623859.20 1844428.80 1763328.00 3024592.85
"2018/08/31 22:53:20",244, 1622630.40 1842585.60 1765171.20 3023885.00
"2018/08/31 22:53:21",244, 1623859.20 1842585.60 1763942.40 3023827.57
"2018/08/31 22:53:22",244, 1623859.20 1843200.00 1763942.40 3024202.00
"2018/08/31 22:53:23",244, 1624473.60 1844428.80 1762713.60 3024564.65
"2018/08/31 22:53:24",244, 1623244.80 1843200.00 1765171.20 3024589.11
"2018/08/31 22:53:25",244, 1623859.20 1848115.20 1763328.00 3026842.27
"2018/08/31 22:53:26",244, 1624473.60 1848729.60 1762099.20 3026831.54
"2018/08/31 22:53:27",244, 1624473.60 1848729.60 1761484.80 3026473.91
"2018/08/31 22:53:28",244, 1624473.60 1849344.00 1763328.00 3027922.28
"2018/08/31 22:53:29",244, 1623859.20 1843200.00 1765171.20 3024918.89
"2018/08/31 22:53:30",244, 1623859.20 1843200.00 1764556.80 3024560.40
"2018/08/31 22:53:31",244, 1625088.00 1849344.00 1761484.80 3027179.04
"2018/08/31 22:53:32",244, 1624473.60 1848729.60 1762713.60 3027189.27
"2018/08/31 22:53:33",244, 1624473.60 1848729.60 1762713.60 3027189.27
"2018/08/31 22:53:34",244, 1624473.60 1848115.20 1763328.00 3027171.93
"2018/08/31 22:53:35",244, 1624473.60 1848115.20 1762099.20 3026456.32
"2018/08/31 22:53:36",244, 1624473.60 1848729.60 1761484.80 3026473.91
"2018/08/31 22:53:37",244, 1624473.60 1843200.00 1764556.80 3024890.31
"2018/08/31 22:53:38",244, 1622630.40 1843200.00 1765785.60 3024618.07
"2018/08/31 22:53:39",244, 1624473.60 1847500.80 1762099.20 3026081.17
"2018/08/31 22:53:40",244, 1623859.20 1848729.60 1762099.20 3026501.85
"2018/08/31 22:53:41",244, 1623859.20 1848729.60 1762099.20 3026501.85
"2018/08/31 22:53:42",244, 1623859.20 1848729.60 1763328.00 3027217.45
"2018/08/31 22:53:43",244, 1623859.20 1844428.80 1762099.20 3023876.63
"2018/08/31 22:53:44",244, 1622016.00 1842585.60 1765171.20 3023555.35
"2018/08/31 22:53:45",244, 1624473.60 1843200.00 1763328.00 3024173.66
"2018/08/31 22:53:46",244, 1624473.60 1848729.60 1762099.20 3026831.54
"2018/08/31 22:53:47",244, 1625088.00 1848729.60 1761484.80 3026803.73
"2018/08/31 22:53:48",244, 1625088.00 1848729.60 1761484.80 3026803.73
"2018/08/31 22:53:49",244, 1623859.20 1842585.60 1765785.60 3024903.17
"2018/08/31 22:53:50",244, 1624473.60 1842585.60 1764556.80 3024515.97
"2018/08/31 22:53:51",244, 1625088.00 1848729.60 1761484.80 3026803.73
"2018/08/31 22:53:52",244, 1625088.00 1843200.00 1764556.80 3025220.31
"2018/08/31 22:53:53",244, 1625088.00 1843200.00 1764556.80 3025220.31
"2018/08/31 22:53:54",244, 1625088.00 1848729.60 1764556.80 3028592.55
"2018/08/31 22:53:55",244, 1625088.00 1843200.00 1763942.40 3024861.99
"2018/08/31 22:53:56",244, 1624473.60 1843200.00 1764556.80 3024890.31
"2018/08/31 22:53:57",244, 1625088.00 1846886.40 1762713.60 3026393.83
"2018/08/31 22:53:58",244, 1624473.60 1844428.80 1763328.00 3024922.76
"2018/08/31 22:53:59",244, 1621401.60 1843200.00 1765785.60 3023959.02
"2018/08/31 22:54:00",244, 1624473.60 1849344.00 1761484.80 3026849.25
"2018/08/31 22:54:01",244, 1623859.20 1848115.20 1762713.60 3026484.38
"2018/08/31 22:54:02",244, 1623859.20 1846886.40 1762099.20 3025376.29
"2018/08/31 22:54:03",244, 1623859.20 1849344.00 1763328.00 3027592.70
"2018/08/31 22:54:04",244, 1623859.20 1849344.00 1762099.20 3026877.19
"2018/08/31 22:54:05",244, 1623859.20 1849344.00 1761484.80 3026519.56
"2018/08/31 22:54:06",244, 1623859.20 1849344.00 1761484.80 3026519.56
"2018/08/31 22:54:07",244, 1623859.20 1849344.00 1761484.80 3026519.56
"2018/08/31 22:54:08",244, 1623244.80 1841356.80 1764556.80 3023107.55
"2018/08/31 22:54:09",244, 1623859.20 1843200.00 1763942.40 3024202.00
"2018/08/31 22:54:10",244, 1622630.40 1843200.00 1765785.60 3024618.07
"2018/08/31 22:54:11",244, 1624473.60 1845043.20 1763328.00 3025297.43
"2018/08/31 22:54:12",244, 1624473.60 1846272.00 1762713.60 3025689.01
"2018/08/31 22:54:13",244, 1622016.00 1843200.00 1765785.60 3024288.50
"2018/08/31 22:54:14",244, 1624473.60 1843200.00 1765171.20 3025248.76
"2018/08/31 22:54:15",244, 1625088.00 1848729.60 1764556.80 3028592.55
"2018/08/31 22:54:16",244, 1625088.00 1848729.60 1762713.60 3027519.01
"2018/08/31 22:54:17",244, 1625088.00 1843200.00 1763942.40 3024861.99
"2018/08/31 22:54:18",244, 1625088.00 1849344.00 1762099.20 3027536.59
"2018/08/31 22:54:19",244, 1625088.00 1848729.60 1762713.60 3027519.01
"2018/08/31 22:54:20",244, 1625088.00 1849344.00 1763328.00 3028251.95
"2018/08/31 22:54:21",244, 1624473.60 1842585.60 1765785.60 3025233.04
"2018/08/31 22:54:22",244, 1625088.00 1848729.60 1763942.40 3028234.62
"2018/08/31 22:54:23",244, 1625088.00 1845043.20 1762713.60 3025269.35
"2018/08/31 22:54:24",244, 1625088.00 1848729.60 1763328.00 3027876.78
"2018/08/31 22:54:25",244, 1625088.00 1843200.00 1765171.20 3025578.72
"2018/08/31 22:54:26",244, 1625088.00 1845043.20 1763328.00 3025627.38
"2018/08/31 22:54:27",244, 1624473.60 1843200.00 1763328.00 3024173.66
"2018/08/31 22:54:28",244, 1624473.60 1849344.00 1763942.40 3028280.12
"2018/08/31 22:54:29",244, 1623244.80 1843200.00 1765171.20 3024589.11
"2018/08/31 22:54:30",244, 1624473.60 1849344.00 1763328.00 3027922.28
"2018/08/31 22:54:31",244, 1624473.60 1848729.60 1763328.00 3027547.07
"2018/08/31 22:54:32",244, 1624473.60 1849344.00 1761484.80 3026849.25
"2018/08/31 22:54:33",244, 1624473.60 1845043.20 1763328.00 3025297.43
"2018/08/31 22:54:34",244, 1624473.60 1849344.00 1763942.40 3028280.12
"2018/08/31 22:54:35",244, 1624473.60 1849344.00 1762099.20 3027206.85
"2018/08/31 22:54:36",244, 1624473.60 1849344.00 1763328.00 3027922.28
"2018/08/31 22:54:37",244, 1624473.60 1846272.00 1763328.00 3026046.99
"2018/08/31 22:54:38",244, 1625088.00 1848115.20 1762713.60 3027143.87
"2018/08/31 22:54:39",244, 1625088.00 1843200.00 1764556.80 3025220.31
"2018/08/31 22:54:40",244, 1625088.00 1849344.00 1763942.40 3028609.75
"2018/08/31 22:54:41",244, 1624473.60 1843200.00 1765171.20 3025248.76
"2018/08/31 22:54:42",244, 1625088.00 1848729.60 1762099.20 3027161.33
"2018/08/31 22:54:43",244, 1625088.00 1849344.00 1763942.40 3028609.75
"2018/08/31 22:54:44",244, 1625702.40 1849344.00 1763328.00 3028581.71
"2018/08/31 22:54:45",244, 1625088.00 1848729.60 1762099.20 3027161.33
"2018/08/31 22:54:46",244, 1625702.40 1848729.60 1762713.60 3027848.85
"2018/08/31 22:54:47",244, 1625702.40 1849344.00 1764556.80 3029297.32
"2018/08/31 22:54:48",244, 1625702.40 1844428.80 1763328.00 3025582.84
"2018/08/31 22:54:49",244, 1625702.40 1849344.00 1764556.80 3029297.32
"2018/08/31 22:54:50",244, 1625702.40 1849344.00 1762099.20 3027866.43
"2018/08/31 22:54:51",244, 1625088.00 1849344.00 1762099.20 3027536.59
"2018/08/31 22:54:52",244, 1625088.00 1849344.00 1762713.60 3027894.23
"2018/08/31 22:54:53",244, 1625088.00 1849344.00 1763328.00 3028251.95
"2018/08/31 22:54:54",244, 1625088.00 1849344.00 1762099.20 3027536.59
"2018/08/31 22:54:55",244, 1625088.00 1848729.60 1762713.60 3027519.01
"2018/08/31 22:54:56",244, 1625088.00 1849344.00 1762099.20 3027536.59
"2018/08/31 22:54:57",244, 1625088.00 1849344.00 1761484.80 3027179.04
"2018/08/31 22:54:58",244, 1624473.60 1849344.00 1765785.60 3029354.14
"2018/08/31 22:54:59",244, 1623859.20 1843200.00 1764556.80 3024560.40
"2018/08/31 22:55:00",244, 1624473.60 1849344.00 1763942.40 3028280.12
"2018/08/31 22:55:01",244, 1624473.60 1844428.80 1764556.80 3025639.23
"2018/08/31 22:55:02",244, 1624473.60 1849344.00 1761484.80 3026849.25
"2018/08/31 22:55:03",244, 1623859.20 1843200.00 1765171.20 3024918.89
"2018/08/31 22:55:04",244, 1624473.60 1849344.00 1765171.20 3028996.05
"2018/08/31 22:55:05",244, 1624473.60 1849344.00 1762099.20 3027206.85
"2018/08/31 22:55:06",244, 1625088.00 1849344.00 1762099.20 3027536.59
"2018/08/31 22:55:07",244, 1625088.00 1849344.00 1764556.80 3028967.64
"2018/08/31 22:55:08",244, 1625088.00 1849344.00 1763942.40 3028609.75
"2018/08/31 22:55:09",244, 1625088.00 1849344.00 1763942.40 3028609.75
"2018/08/31 22:55:10",244, 1625088.00 1849344.00 1765171.20 3029325.60
"2018/08/31 22:55:11",244, 1625088.00 1849344.00 1763942.40 3028609.75
"2018/08/31 22:55:12",244, 1625088.00 1845043.20 1763328.00 3025627.38
"2018/08/31 22:55:13",244, 1625088.00 1848729.60 1763942.40 3028234.62
"2018/08/31 22:55:14",244, 1625088.00 1843200.00 1764556.80 3025220.31
"2018/08/31 22:55:15",244, 1625702.40 1849344.00 1761484.80 3027508.91
"2018/08/31 22:55:16",244, 1624473.60 1849344.00 1765785.60 3029354.14
"2018/08/31 22:55:17",244, 1625088.00 1848115.20 1762713.60 3027143.87
"2018/08/31 22:55:18",244, 1625088.00 1849344.00 1762099.20 3027536.59
"2018/08/31 22:55:19",244, 1625088.00 1843814.40 1765171.20 3025953.06
"2018/08/31 22:55:20",244, 1624473.60 1843200.00 1765171.20 3025248.76
"2018/08/31 22:55:21",244, 1625088.00 1849344.00 1763328.00 3028251.95
"2018/08/31 22:55:22",244, 1625088.00 1845657.60 1764556.80 3026718.30
"2018/08/31 22:55:23",244, 1624473.60 1843814.40 1764556.80 3025264.74
"2018/08/31 22:55:24",244, 1624473.60 1848729.60 1762099.20 3026831.54
"2018/08/31 22:55:25",244, 1623859.20 1842585.60 1767014.40 3025620.64
"2018/08/31 22:55:26",244, 1624473.60 1849344.00 1763942.40 3028280.12
"2018/08/31 22:55:27",244, 1624473.60 1849344.00 1763942.40 3028280.12
"2018/08/31 22:55:28",244, 1623859.20 1843200.00 1767014.40 3025994.85
"2018/08/31 22:55:29",244, 1624473.60 1849344.00 1761484.80 3026849.25
"2018/08/31 22:55:30",244, 1625088.00 1849344.00 1762713.60 3027894.23
"2018/08/31 22:55:31",244, 1624473.60 1843200.00 1766400.00 3025965.91
"2018/08/31 22:55:32",244, 1624473.60 1843200.00 1765171.20 3025248.76
"2018/08/31 22:55:33",244, 1622016.00 1843200.00 1765785.60 3024288.50
"2018/08/31 22:55:34",244, 1623244.80 1843200.00 1767628.80 3026024.04
"2018/08/31 22:55:35",244, 1625088.00 1848729.60 1762099.20 3027161.33
"2018/08/31 22:55:36",244, 1625088.00 1843200.00 1763942.40 3024861.99
"2018/08/31 22:55:37",244, 1624473.60 1842585.60 1768857.60 3027027.15
"2018/08/31 22:55:38",244, 1622016.00 1843200.00 1766400.00 3024647.27
"2018/08/31 22:55:39",244, 1625088.00 1849344.00 1763328.00 3028251.95
"2018/08/31 22:55:40",244, 1625088.00 1849344.00 1762713.60 3027894.23
"2018/08/31 22:55:41",244, 1625088.00 1849344.00 1763942.40 3028609.75
"2018/08/31 22:55:42",244, 1625088.00 1849344.00 1763328.00 3028251.95
"2018/08/31 22:55:43",244, 1625088.00 1849344.00 1765785.60 3029683.65
"2018/08/31 22:55:44",244, 1625088.00 1849344.00 1763942.40 3028609.75
"2018/08/31 22:55:45",244, 1625088.00 1849344.00 1763942.40 3028609.75
"2018/08/31 22:55:46",244, 1625088.00 1846272.00 1765171.20 3027451.18
"2018/08/31 22:55:47",244, 1625702.40 1843814.40 1763942.40 3025566.50
"2018/08/31 22:55:48",244, 1623859.20 1843814.40 1765171.20 3025293.31
"2018/08/31 22:55:49",244, 1625088.00 1845657.60 1765785.60 3027434.85
"2018/08/31 22:55:50",244, 1623244.80 1843814.40 1765171.20 3024963.57
"2018/08/31 22:55:51",244, 1625088.00 1843814.40 1767014.40 3027028.65
"2018/08/31 22:55:52",244, 1625702.40 1845043.20 1765171.20 3027031.89
"2018/08/31 22:55:53",244, 1622630.40 1843814.40 1765171.20 3024633.92
"2018/08/31 22:55:54",244, 1625702.40 1843814.40 1763942.40 3025566.50
"2018/08/31 22:55:55",244, 1625702.40 1849958.40 1763942.40 3029314.64
"2018/08/31 22:55:56",244, 1625088.00 1845657.60 1763328.00 3026002.09
"2018/08/31 22:55:57",244, 1625088.00 1843814.40 1763942.40 3025236.41
"2018/08/31 22:55:58",244, 1625088.00 1849344.00 1763942.40 3028609.75
"2018/08/31 22:55:59",244, 1625088.00 1844428.80 1763328.00 3025252.76
"2018/08/31 22:56:00",244, 1625088.00 1844428.80 1763328.00 3025252.76
"2018/08/31 22:56:01",244, 1625088.00 1842585.60 1766400.00 3025921.62
"2018/08/31 22:56:02",244, 1625088.00 1844428.80 1762713.60 3024894.68
"2018/08/31 22:56:03",244, 1625088.00 1843814.40 1763328.00 3024878.21
"2018/08/31 22:56:04",244, 1625088.00 1848729.60 1764556.80 3028592.55
"2018/08/31 22:56:05",244, 1624473.60 1843200.00 1764556.80 3024890.31
"2018/08/31 22:56:06",244, 1625088.00 1848729.60 1763328.00 3027876.78
"2018/08/31 22:56:07",244, 1624473.60 1848729.60 1764556.80 3028262.92
"2018/08/31 22:56:08",244, 1625088.00 1843814.40 1764556.80 3025594.69
"2018/08/31 22:56:09",244, 1625088.00 1849344.00 1763328.00 3028251.95
"2018/08/31 22:56:10",244, 1625088.00 1848729.60 1764556.80 3028592.55
"2018/08/31 22:56:11",244, 1623859.20 1843200.00 1765171.20 3024918.89
"2018/08/31 22:56:12",244, 1624473.60 1843200.00 1765171.20 3025248.76
"2018/08/31 22:56:13",244, 1620172.80 1842585.60 1769472.00 3025080.62
"2018/08/31 22:56:14",244, 1625088.00 1843200.00 1764556.80 3025220.31
"2018/08/31 22:56:15",244, 1625088.00 1849344.00 1761484.80 3027179.04
"2018/08/31 22:56:16",244, 1624473.60 1845657.60 1765785.60 3027105.09
"2018/08/31 22:56:17",244, 1625088.00 1849958.40 1761484.80 3027554.42
"2018/08/31 22:56:18",244, 1625088.00 1845043.20 1762713.60 3025269.35
"2018/08/31 22:56:19",244, 1618944.00 1843200.00 1768857.60 3024437.65
"2018/08/31 22:56:20",244, 1625088.00 1843814.40 1763328.00 3024878.21
"2018/08/31 22:56:21",244, 1625088.00 1849958.40 1761484.80 3027554.42
"2018/08/31 22:56:22",244, 1622016.00 1847500.80 1765171.20 3026553.23
"2018/08/31 22:56:23",244, 1625088.00 1849958.40 1763328.00 3028627.20
"2018/08/31 22:56:24",244, 1625088.00 1846272.00 1762713.60 3026018.93
"2018/08/31 22:56:25",244, 1620787.20 1847500.80 1764556.80 3025536.49
"2018/08/31 22:56:26",244, 1624473.60 1845043.20 1762713.60 3024939.36
"2018/08/31 22:56:27",244, 1625088.00 1849958.40 1763328.00 3028627.20
"2018/08/31 22:56:28",244, 1618329.60 1843814.40 1767628.80 3023764.84
"2018/08/31 22:56:29",244, 1624473.60 1847500.80 1762099.20 3026081.17
"2018/08/31 22:56:30",244, 1625088.00 1849958.40 1763328.00 3028627.20
"2018/08/31 22:56:31",244, 1621401.60 1849344.00 1764556.80 3026991.42
"2018/08/31 22:56:32",244, 1622630.40 1843814.40 1766400.00 3025351.21
"2018/08/31 22:56:33",244, 1625088.00 1849344.00 1762099.20 3027536.59
"2018/08/31 22:56:34",244, 1618944.00 1843814.40 1767628.80 3024093.71
"2018/08/31 22:56:35",244, 1623244.80 1843814.40 1765171.20 3024963.57
"2018/08/31 22:56:36",244, 1625702.40 1845043.20 1762713.60 3025599.43
"2018/08/31 22:56:37",244, 1620172.80 1849344.00 1766400.00 3027408.48
"2018/08/31 22:56:38",244, 1625702.40 1845043.20 1763942.40 3026315.50
"2018/08/31 22:56:39",244, 1625702.40 1845657.60 1762713.60 3025974.14
"2018/08/31 22:56:40",244, 1621401.60 1843814.40 1767014.40 3025051.17
"2018/08/31 22:56:41",244, 1625088.00 1844428.80 1763942.40 3025610.91
"2018/08/31 22:56:42",244, 1625702.40 1845657.60 1762713.60 3025974.14
"2018/08/31 22:56:43",244, 1621401.60 1843814.40 1767014.40 3025051.17
"2018/08/31 22:56:44",244, 1625088.00 1843814.40 1764556.80 3025594.69
"2018/08/31 22:56:45",244, 1625702.40 1844428.80 1763328.00 3025582.84
"2018/08/31 22:56:46",244, 1624473.60 1846886.40 1763942.40 3026779.91
"2018/08/31 22:56:47",244, 1625702.40 1849344.00 1761484.80 3027508.91
"2018/08/31 22:56:48",244, 1625088.00 1845043.20 1762713.60 3025269.35
"2018/08/31 22:56:49",244, 1624473.60 1841971.20 1765785.60 3024858.87
"2018/08/31 22:56:50",244, 1625088.00 1849958.40 1762099.20 3027911.93
"2018/08/31 22:56:51",244, 1625088.00 1845043.20 1763328.00 3025627.38
"2018/08/31 22:56:52",244, 1625088.00 1842585.60 1764556.80 3024846.01
"2018/08/31 22:56:53",244, 1625088.00 1849958.40 1760870.40 3027197.00
"2018/08/31 22:56:54",244, 1625088.00 1843814.40 1763942.40 3025236.41
"2018/08/31 22:56:55",244, 1624473.60 1840742.40 1765171.20 3023752.04
"2018/08/31 22:56:56",244, 1625088.00 1849958.40 1760870.40 3027197.00
"2018/08/31 22:56:57",244, 1625088.00 1845657.60 1762713.60 3025644.10
"2018/08/31 22:56:58",244, 1624473.60 1843814.40 1765171.20 3025623.14
"2018/08/31 22:56:59",244, 1623244.80 1845043.20 1765171.20 3025712.72
"2018/08/31 22:57:00",244, 1624473.60 1849958.40 1762099.20 3027582.23
"2018/08/31 22:57:01",244, 1625088.00 1840742.40 1765785.60 3024440.84
"2018/08/31 22:57:02",244, 1625088.00 1849958.40 1760870.40 3027197.00
"2018/08/31 22:57:03",244, 1625088.00 1845043.20 1762713.60 3025269.35
"2018/08/31 22:57:04",244, 1623244.80 1841356.80 1766400.00 3024183.78
"2018/08/31 22:57:05",244, 1625702.40 1848115.20 1761484.80 3026758.46
"2018/08/31 22:57:06",244, 1625702.40 1849958.40 1760870.40 3027526.87
"2018/08/31 22:57:07",244, 1625702.40 1845657.60 1762713.60 3025974.14
"2018/08/31 22:57:08",244, 1625702.40 1849958.40 1761484.80 3027884.26
"2018/08/31 22:57:09",244, 1625702.40 1849344.00 1762099.20 3027866.43
"2018/08/31 22:57:10",244, 1623859.20 1841356.80 1765785.60 3024154.82
"2018/08/31 22:57:11",244, 1625702.40 1845043.20 1762099.20 3025241.53
"2018/08/31 22:57:12",244, 1625702.40 1850572.80 1762713.60 3028974.61
"2018/08/31 22:57:13",244, 1625702.40 1841971.20 1764556.80 3024801.96
"2018/08/31 22:57:14",244, 1625702.40 1850572.80 1762713.60 3028974.61
"2018/08/31 22:57:15",244, 1625702.40 1846272.00 1763328.00 3026706.83
"2018/08/31 22:57:16",244, 1625702.40 1848729.60 1760256.00 3026418.78
"2018/08/31 22:57:17",244, 1625702.40 1846886.40 1762099.20 3026366.02
"2018/08/31 22:57:18",244, 1625702.40 1850572.80 1761484.80 3028259.68
"2018/08/31 22:57:19",244, 1625702.40 1845657.60 1760870.40 3024900.80
"2018/08/31 22:57:20",244, 1625702.40 1850572.80 1760870.40 3027902.33
"2018/08/31 22:57:21",244, 1625702.40 1845043.20 1762099.20 3025241.53
"2018/08/31 22:57:22",244, 1625702.40 1851187.20 1759641.60 3027563.53
"2018/08/31 22:57:23",244, 1625702.40 1851187.20 1760256.00 3027920.66
"2018/08/31 22:57:24",244, 1625702.40 1851187.20 1763328.00 3029707.57
"2018/08/31 22:57:25",244, 1625702.40 1851187.20 1758412.80 3026849.50
"2018/08/31 22:57:26",244, 1626316.80 1851187.20 1760256.00 3028250.58
"2018/08/31 22:57:27",244, 1626316.80 1845657.60 1762713.60 3026304.27
"2018/08/31 22:57:28",244, 1626316.80 1851187.20 1758412.80 3027179.54
"2018/08/31 22:57:29",244, 1625088.00 1845043.20 1764556.80 3026343.69
"2018/08/31 22:57:30",244, 1626316.80 1850572.80 1760870.40 3028232.25
"2018/08/31 22:57:31",244, 1625702.40 1845043.20 1761484.80 3024883.70
"2018/08/31 22:57:32",244, 1626316.80 1851187.20 1762713.60 3029679.79
"2018/08/31 22:57:33",244, 1625702.40 1845043.20 1763942.40 3026315.50
"2018/08/31 22:57:34",244, 1625702.40 1850572.80 1760870.40 3027902.33
"2018/08/31 22:57:35",244, 1625702.40 1850572.80 1760870.40 3027902.33
"2018/08/31 22:57:36",244, 1625702.40 1850572.80 1760870.40 3027902.33
"2018/08/31 22:57:37",244, 1625702.40 1846272.00 1760256.00 3024918.14
"2018/08/31 22:57:38",244, 1623859.20 1850572.80 1761484.80 3027270.57
"2018/08/31 22:57:39",244, 1625702.40 1850572.80 1760256.00 3027545.07
"2018/08/31 22:57:40",244, 1622630.40 1844428.80 1763328.00 3023933.31
"2018/08/31 22:57:41",244, 1625088.00 1849958.40 1761484.80 3027554.42
"2018/08/31 22:57:42",244, 1625088.00 1850572.80 1760256.00 3027215.20
"2018/08/31 22:57:43",244, 1625088.00 1844428.80 1762099.20 3024536.69
"2018/08/31 22:57:44",244, 1625088.00 1850572.80 1760870.40 3027572.50
"2018/08/31 22:57:45",244, 1625088.00 1850572.80 1760870.40 3027572.50
"2018/08/31 22:57:46",244, 1624473.60 1850572.80 1760256.00 3026885.42
"2018/08/31 22:57:47",244, 1625088.00 1851187.20 1760870.40 3027948.09
"2018/08/31 22:57:48",244, 1625088.00 1847500.80 1761484.80 3026053.36
"2018/08/31 22:57:49",244, 1625088.00 1849958.40 1761484.80 3027554.42
"2018/08/31 22:57:50",244, 1622630.40 1845043.20 1764556.80 3025024.71
"2018/08/31 22:57:51",244, 1625702.40 1849344.00 1762099.20 3027866.43
"2018/08/31 22:57:52",244, 1625702.40 1851187.20 1760870.40 3028277.88
"2018/08/31 22:57:53",244, 1625702.40 1851187.20 1762713.60 3029350.03
"2018/08/31 22:57:54",244, 1625702.40 1846886.40 1762099.20 3026366.02
"2018/08/31 22:57:55",244, 1625702.40 1845043.20 1763942.40 3026315.50
"2018/08/31 22:57:56",244, 1625702.40 1851187.20 1760256.00 3027920.66
"2018/08/31 22:57:57",244, 1626316.80 1845043.20 1763328.00 3026287.56
"2018/08/31 22:57:58",244, 1626316.80 1850572.80 1762099.20 3028946.95
"2018/08/31 22:57:59",244, 1625702.40 1849344.00 1761484.80 3027508.91
"2018/08/31 22:58:00",244, 1625702.40 1844428.80 1763942.40 3025940.96
"2018/08/31 22:58:01",244, 1625702.40 1846272.00 1761484.80 3025633.37
"2018/08/31 22:58:02",244, 1625702.40 1850572.80 1762099.20 3028617.11
"2018/08/31 22:58:03",244, 1625702.40 1850572.80 1762099.20 3028617.11
"2018/08/31 22:58:04",244, 1625702.40 1850572.80 1761484.80 3028259.68
"2018/08/31 22:58:05",244, 1625702.40 1846886.40 1761484.80 3026008.32
"2018/08/31 22:58:06",244, 1625702.40 1846886.40 1762099.20 3026366.02
"2018/08/31 22:58:07",244, 1625702.40 1850572.80 1762713.60 3028974.61
"2018/08/31 22:58:08",244, 1624473.60 1844428.80 1765171.20 3025997.59
"2018/08/31 22:58:09",244, 1625702.40 1845043.20 1762099.20 3025241.53
"2018/08/31 22:58:10",244, 1625702.40 1846886.40 1761484.80 3026008.32
"2018/08/31 22:58:11",244, 1625702.40 1850572.80 1760870.40 3027902.33
"2018/08/31 22:58:12",244, 1625702.40 1847500.80 1761484.80 3026383.35
"2018/08/31 22:58:13",244, 1625702.40 1851187.20 1760256.00 3027920.66
"2018/08/31 22:58:14",244, 1622630.40 1845043.20 1764556.80 3025024.71
"2018/08/31 22:58:15",244, 1625702.40 1851187.20 1762099.20 3028992.56
"2018/08/31 22:58:16",244, 1625702.40 1851187.20 1760256.00 3027920.66
"2018/08/31 22:58:17",244, 1625702.40 1845043.20 1763328.00 3025957.43
"2018/08/31 22:58:18",244, 1625088.00 1850572.80 1762099.20 3028287.35
"2018/08/31 22:58:19",244, 1625088.00 1845043.20 1762713.60 3025269.35
"2018/08/31 22:58:20",244, 1625702.40 1846886.40 1761484.80 3026008.32
"2018/08/31 22:58:21",244, 1625088.00 1849344.00 1760870.40 3026821.57
"2018/08/31 22:58:22",244, 1625088.00 1846886.40 1762099.20 3026036.02
"2018/08/31 22:58:23",244, 1625088.00 1850572.80 1762099.20 3028287.35
"2018/08/31 22:58:24",244, 1625088.00 1843814.40 1763328.00 3024878.21
"2018/08/31 22:58:25",244, 1625088.00 1846272.00 1761484.80 3025303.29
"2018/08/31 22:58:26",244, 1625088.00 1849958.40 1762099.20 3027911.93
"2018/08/31 22:58:27",244, 1622630.40 1843814.40 1764556.80 3024275.39
"2018/08/31 22:58:28",244, 1625088.00 1849958.40 1760870.40 3027197.00
"2018/08/31 22:58:29",244, 1624473.60 1844428.80 1763942.40 3025280.96
"2018/08/31 22:58:30",244, 1625088.00 1847500.80 1760870.40 3025695.75
"2018/08/31 22:58:31",244, 1625088.00 1847500.80 1761484.80 3026053.36
"2018/08/31 22:58:32",244, 1625088.00 1850572.80 1760256.00 3027215.20
"2018/08/31 22:58:33",244, 1625088.00 1850572.80 1764556.80 3029718.04
"2018/08/31 22:58:34",244, 1625088.00 1848729.60 1761484.80 3026803.73
"2018/08/31 22:58:35",244, 1625702.40 1851187.20 1762099.20 3028992.56
"2018/08/31 22:58:36",244, 1625702.40 1847500.80 1761484.80 3026383.35
"2018/08/31 22:58:37",244, 1625702.40 1851187.20 1760256.00 3027920.66
"2018/08/31 22:58:38",244, 1622016.00 1845043.20 1765171.20 3025053.67
"2018/08/31 22:58:39",244, 1625702.40 1845657.60 1762713.60 3025974.14
"2018/08/31 22:58:40",244, 1625702.40 1847500.80 1761484.80 3026383.35
"2018/08/31 22:58:41",244, 1625702.40 1851187.20 1760256.00 3027920.66
"2018/08/31 22:58:42",244, 1625702.40 1851187.20 1762099.20 3028992.56
"2018/08/31 22:58:43",244, 1625702.40 1847500.80 1761484.80 3026383.35
"2018/08/31 22:58:44",244, 1623859.20 1844428.80 1764556.80 3025309.41
"2018/08/31 22:58:45",244, 1625702.40 1851187.20 1761484.80 3028635.18
"2018/08/31 22:58:46",244, 1625702.40 1846886.40 1761484.80 3026008.32
"2018/08/31 22:58:47",244, 1625088.00 1846886.40 1761484.80 3025678.28
"2018/08/31 22:58:48",244, 1625088.00 1850572.80 1761484.80 3027929.89
"2018/08/31 22:58:49",244, 1625088.00 1846272.00 1761484.80 3025303.29
"2018/08/31 22:58:50",244, 1625702.40 1850572.80 1760256.00 3027545.07
"2018/08/31 22:58:51",244, 1625088.00 1844428.80 1762713.60 3024894.68
"2018/08/31 22:58:52",244, 1625088.00 1844428.80 1762713.60 3024894.68
"2018/08/31 22:58:53",244, 1624473.60 1844428.80 1763328.00 3024922.76
"2018/08/31 22:58:54",244, 1625088.00 1850572.80 1760256.00 3027215.20
"2018/08/31 22:58:55",244, 1625702.40 1843814.40 1762713.60 3024850.26
"2018/08/31 22:58:56",244, 1623244.80 1844428.80 1763942.40 3024621.31
"2018/08/31 22:58:57",244, 1625702.40 1844428.80 1762713.60 3025224.81
"2018/08/31 22:58:58",244, 1625702.40 1846886.40 1761484.80 3026008.32
"2018/08/31 22:58:59",244, 1624473.60 1844428.80 1763328.00 3024922.76
"2018/08/31 22:59:00",244, 1625702.40 1845043.20 1762713.60 3025599.43
"2018/08/31 22:59:01",244, 1625702.40 1846886.40 1761484.80 3026008.32
"2018/08/31 22:59:02",244, 1623859.20 1844428.80 1763942.40 3024951.09
"2018/08/31 22:59:03",244, 1625702.40 1846886.40 1761484.80 3026008.32
"2018/08/31 22:59:04",244, 1625702.40 1851187.20 1761484.80 3028635.18
"2018/08/31 22:59:05",244, 1625702.40 1851187.20 1761484.80 3028635.18
"2018/08/31 22:59:06",244, 1625702.40 1846886.40 1761484.80 3026008.32
"2018/08/31 22:59:07",244, 1625088.00 1848115.20 1761484.80 3026428.51
"2018/08/31 22:59:08",244, 1625088.00 1845043.20 1763942.40 3025985.49
"2018/08/31 22:59:09",244, 1625702.40 1845043.20 1762099.20 3025241.53
"2018/08/31 22:59:10",244, 1625702.40 1851187.20 1761484.80 3028635.18
"2018/08/31 22:59:11",244, 1625088.00 1845657.60 1762713.60 3025644.10
"2018/08/31 22:59:12",244, 1625702.40 1851801.60 1761484.80 3029010.76
"2018/08/31 22:59:13",244, 1625702.40 1847500.80 1760870.40 3026025.79
"2018/08/31 22:59:14",244, 1625088.00 1851187.20 1760256.00 3027590.83
"2018/08/31 22:59:15",244, 1625088.00 1851801.60 1761484.80 3028681.05
"2018/08/31 22:59:16",244, 1625088.00 1851187.20 1760256.00 3027590.83
"2018/08/31 22:59:17",244, 1624473.60 1845657.60 1763328.00 3025672.17
"2018/08/31 22:59:18",244, 1622630.40 1845657.60 1763328.00 3024682.96
"2018/08/31 22:59:19",244, 1625088.00 1845657.60 1762713.60 3025644.10
"2018/08/31 22:59:20",244, 1625088.00 1851801.60 1761484.80 3028681.05
"2018/08/31 22:59:21",244, 1625088.00 1851801.60 1759641.60 3027609.41
"2018/08/31 22:59:22",244, 1624473.60 1845657.60 1763328.00 3025672.17
"2018/08/31 22:59:23",244, 1625088.00 1851801.60 1759641.60 3027609.41
"2018/08/31 22:59:24",244, 1625088.00 1851801.60 1759641.60 3027609.41
"2018/08/31 22:59:25",244, 1625088.00 1851801.60 1761484.80 3028681.05
"2018/08/31 22:59:26",244, 1625088.00 1851187.20 1761484.80 3028305.43
"2018/08/31 22:59:27",244, 1625088.00 1849958.40 1760870.40 3027197.00
"2018/08/31 22:59:28",244, 1625088.00 1851187.20 1759027.20 3026876.57
"2018/08/31 22:59:29",244, 1625088.00 1845043.20 1762099.20 3024911.41
"2018/08/31 22:59:30",244, 1625702.40 1851187.20 1759641.60 3027563.53
"2018/08/31 22:59:31",244, 1625702.40 1845043.20 1761484.80 3024883.70
"2018/08/31 22:59:32",244, 1625702.40 1851187.20 1759027.20 3027206.47
"2018/08/31 22:59:33",244, 1625702.40 1847500.80 1760870.40 3026025.79
"2018/08/31 22:59:34",244, 1625702.40 1851187.20 1761484.80 3028635.18
"2018/08/31 22:59:35",244, 1625702.40 1851187.20 1761484.80 3028635.18
"2018/08/31 22:59:36",244, 1622630.40 1844428.80 1763942.40 3024291.62
"2018/08/31 22:59:37",244, 1623244.80 1844428.80 1763942.40 3024621.31
"2018/08/31 22:59:38",244, 1625702.40 1851187.20 1760870.40 3028277.88
"2018/08/31 22:59:39",244, 1625702.40 1851187.20 1760256.00 3027920.66
"2018/08/31 22:59:40",244, 1625702.40 1847500.80 1760870.40 3026025.79
"2018/08/31 22:59:41",244, 1625088.00 1845043.20 1762713.60 3025269.35
"2018/08/31 22:59:42",244, 1625088.00 1847500.80 1761484.80 3026053.36
"2018/08/31 22:59:43",244, 1625702.40 1847500.80 1760870.40 3026025.79
"2018/08/31 22:59:44",244, 1625088.00 1851801.60 1761484.80 3028681.05
"2018/08/31 22:59:45",244, 1625088.00 1851801.60 1759641.60 3027609.41
"2018/08/31 22:59:46",244, 1624473.60 1851187.20 1760256.00 3027261.09
"2018/08/31 22:59:47",244, 1624473.60 1851187.20 1762099.20 3028333.22
"2018/08/31 22:59:48",244, 1624473.60 1845043.20 1762713.60 3024939.36
"2018/08/31 22:59:49",244, 1624473.60 1851187.20 1761484.80 3027975.76
"2018/08/31 22:59:50",244, 1624473.60 1851187.20 1760256.00 3027261.09
"2018/08/31 22:59:51",244, 1624473.60 1850572.80 1760870.40 3027242.76
"2018/08/31 22:59:52",244, 1625088.00 1845657.60 1762099.20 3025286.20
"2018/08/31 22:59:53",244, 1621401.60 1845043.20 1763942.40 3024007.33
"2018/08/31 22:59:54",244, 1624473.60 1847500.80 1760870.40 3025365.80
"2018/08/31 22:59:55",244, 1625088.00 1849958.40 1760256.00 3026839.65
"2018/08/31 22:59:56",244, 1624473.60 1847500.80 1760256.00 3025008.24
"2018/08/31 22:59:57",244, 1625088.00 1847500.80 1760870.40 3025695.75
"2018/08/31 22:59:58",244, 1624473.60 1851187.20 1760870.40 3027618.39
"2018/08/31 22:59:59",244, 1623859.20 1850572.80 1761484.80 3027270.57
"2018/08/31 23:00:00",244, 1621401.60 1844428.80 1763942.40 3023632.51
"2018/08/31 23:00:01",244, 1625088.00 1850572.80 1759641.60 3026857.98
"2018/08/31 23:00:02",244, 1624473.60 1844428.80 1762713.60 3024564.65
"2018/08/31 23:00:03",244, 1624473.60 1848115.20 1760870.40 3025741.04
"2018/08/31 23:00:04",244, 1624473.60 1849958.40 1760256.00 3026509.83
"2018/08/31 23:00:05",244, 1624473.60 1844428.80 1762713.60 3024564.65
"2018/08/31 23:00:06",244, 1624473.60 1846886.40 1760870.40 3024990.65
"2018/08/31 23:00:07",244, 1624473.60 1846272.00 1760870.40 3024615.57
"2018/08/31 23:00:08",244, 1624473.60 1846886.40 1761484.80 3025348.34
"2018/08/31 23:00:09",244, 1620787.20 1844428.80 1763942.40 3023303.08
"2018/08/31 23:00:10",244, 1624473.60 1846886.40 1760870.40 3024990.65
"2018/08/31 23:00:11",244, 1624473.60 1850572.80 1759641.60 3026528.16
"2018/08/31 23:00:12",244, 1624473.60 1851187.20 1762099.20 3028333.22
"2018/08/31 23:00:13",244, 1624473.60 1845043.20 1763942.40 3025655.58
"2018/08/31 23:00:14",244, 1624473.60 1851187.20 1760870.40 3027618.39
"2018/08/31 23:00:15",244, 1624473.60 1845657.60 1762099.20 3024956.21
"2018/08/31 23:00:16",244, 1625088.00 1851801.60 1760870.40 3028323.75
"2018/08/31 23:00:17",244, 1625088.00 1845657.60 1762099.20 3025286.20
"2018/08/31 23:00:18",244, 1623244.80 1845657.60 1763328.00 3025012.61
"2018/08/31 23:00:19",244, 1624473.60 1851187.20 1760256.00 3027261.09
"2018/08/31 23:00:20",244, 1623859.20 1845657.60 1763328.00 3025342.35
"2018/08/31 23:00:21",244, 1625088.00 1851801.60 1759027.20 3027252.36
"2018/08/31 23:00:22",244, 1623859.20 1845043.20 1763328.00 3024967.56
"2018/08/31 23:00:23",244, 1625088.00 1845657.60 1762099.20 3025286.20
"2018/08/31 23:00:24",244, 1625088.00 1848115.20 1760256.00 3025713.47
"2018/08/31 23:00:25",244, 1625088.00 1847500.80 1760256.00 3025338.23
"2018/08/31 23:00:26",244, 1624473.60 1850572.80 1759641.60 3026528.16
"2018/08/31 23:00:27",244, 1624473.60 1850572.80 1760256.00 3026885.42
"2018/08/31 23:00:28",244, 1624473.60 1850572.80 1759641.60 3026528.16
"2018/08/31 23:00:29",244, 1624473.60 1850572.80 1759641.60 3026528.16
"2018/08/31 23:00:30",244, 1624473.60 1851187.20 1760870.40 3027618.39
"2018/08/31 23:00:31",244, 1624473.60 1850572.80 1759027.20 3026170.99
"2018/08/31 23:00:32",244, 1624473.60 1845043.20 1761484.80 3024223.47
"2018/08/31 23:00:33",244, 1622630.40 1845043.20 1763328.00 3024308.10
"2018/08/31 23:00:34",244, 1624473.60 1845043.20 1761484.80 3024223.47
"2018/08/31 23:00:35",244, 1625088.00 1845043.20 1761484.80 3024553.54
"2018/08/31 23:00:36",244, 1624473.60 1845043.20 1762099.20 3024581.37
"2018/08/31 23:00:37",244, 1624473.60 1850572.80 1760256.00 3026885.42
"2018/08/31 23:00:38",244, 1623859.20 1845043.20 1763328.00 3024967.56
"2018/08/31 23:00:39",244, 1625088.00 1845043.20 1762099.20 3024911.41
"2018/08/31 23:00:40",244, 1625088.00 1847500.80 1760256.00 3025338.23
"2018/08/31 23:00:41",244, 1622016.00 1845043.20 1763328.00 3023978.50
"2018/08/31 23:00:42",244, 1625088.00 1847500.80 1760870.40 3025695.75
"2018/08/31 23:00:43",244, 1625088.00 1847500.80 1760256.00 3025338.23
"2018/08/31 23:00:44",244, 1625088.00 1845043.20 1760870.40 3024195.76
"2018/08/31 23:00:45",244, 1624473.60 1851187.20 1759641.60 3026903.88
"2018/08/31 23:00:46",244, 1622016.00 1845043.20 1762713.60 3023620.27
"2018/08/31 23:00:47",244, 1624473.60 1851187.20 1759027.20 3026546.75
"2018/08/31 23:00:48",244, 1624473.60 1847500.80 1760256.00 3025008.24
"2018/08/31 23:00:49",244, 1623859.20 1851187.20 1760870.40 3027288.77
"2018/08/31 23:00:50",244, 1623859.20 1848729.60 1761484.80 3026144.17
"2018/08/31 23:00:51",244, 1623859.20 1846886.40 1761484.80 3025018.48
"2018/08/31 23:00:52",244, 1623244.80 1850572.80 1760256.00 3026226.12
"2018/08/31 23:00:53",244, 1623244.80 1845043.20 1762099.20 3023921.57
"2018/08/31 23:00:54",244, 1620787.20 1845043.20 1763942.40 3023677.95
"2018/08/31 23:00:55",244, 1623859.20 1851187.20 1762099.20 3028003.69
"2018/08/31 23:00:56",244, 1623859.20 1850572.80 1759641.60 3026198.43
"2018/08/31 23:00:57",244, 1621401.60 1844428.80 1763328.00 3023274.12
"2018/08/31 23:00:58",244, 1623859.20 1848729.60 1760256.00 3025429.06
"2018/08/31 23:00:59",244, 1623244.80 1845043.20 1762713.60 3024279.64
"2018/08/31 23:01:00",244, 1623859.20 1845043.20 1762099.20 3024251.43
"2018/08/31 23:01:01",244, 1624473.60 1851187.20 1760870.40 3027618.39
"2018/08/31 23:01:02",244, 1625088.00 1850572.80 1760256.00 3027215.20
"2018/08/31 23:01:03",244, 1625088.00 1849958.40 1760256.00 3026839.65
"2018/08/31 23:01:04",244, 1625088.00 1846886.40 1760870.40 3025320.64
"2018/08/31 23:01:05",244, 1625088.00 1851187.20 1760870.40 3027948.09
"2018/08/31 23:01:06",244, 1625088.00 1846886.40 1760870.40 3025320.64
"2018/08/31 23:01:07",244, 1625088.00 1851187.20 1757798.40 3026162.63
"2018/08/31 23:01:08",244, 1625088.00 1849958.40 1760256.00 3026839.65
"2018/08/31 23:01:09",244, 1625088.00 1849958.40 1759641.60 3026482.39
"2018/08/31 23:01:10",244, 1625088.00 1847500.80 1760256.00 3025338.23
"2018/08/31 23:01:11",244, 1625088.00 1847500.80 1760870.40 3025695.75
"2018/08/31 23:01:12",244, 1625088.00 1848729.60 1760256.00 3026088.78
"2018/08/31 23:01:13",244, 1624473.60 1848115.20 1759641.60 3025026.09
"2018/08/31 23:01:14",244, 1623859.20 1845043.20 1762099.20 3024251.43
"2018/08/31 23:01:15",244, 1623859.20 1847500.80 1760256.00 3024678.35
"2018/08/31 23:01:16",244, 1623859.20 1851187.20 1759027.20 3026217.02
"2018/08/31 23:01:17",244, 1623244.80 1845043.20 1762713.60 3024279.64
"2018/08/31 23:01:18",244, 1623859.20 1851187.20 1760870.40 3027288.77
"2018/08/31 23:01:19",244, 1623244.80 1851187.20 1759027.20 3025887.38
"2018/08/31 23:01:20",244, 1623859.20 1851187.20 1760870.40 3027288.77
"2018/08/31 23:01:21",244, 1623859.20 1851187.20 1759027.20 3026217.02
"2018/08/31 23:01:22",244, 1623859.20 1851187.20 1759027.20 3026217.02
"2018/08/31 23:01:23",244, 1623859.20 1847500.80 1760256.00 3024678.35
"2018/08/31 23:01:24",244, 1623244.80 1845657.60 1762713.60 3024654.51
"2018/08/31 23:01:25",244, 1623859.20 1851187.20 1760256.00 3026931.44
"2018/08/31 23:01:26",244, 1624473.60 1851187.20 1759027.20 3026546.75
"2018/08/31 23:01:27",244, 1623859.20 1849344.00 1760256.00 3025804.54
"2018/08/31 23:01:28",244, 1624473.60 1851187.20 1759027.20 3026546.75
"2018/08/31 23:01:29",244, 1624473.60 1851187.20 1759641.60 3026903.88
"2018/08/31 23:01:30",244, 1623859.20 1845043.20 1762713.60 3024609.45
"2018/08/31 23:01:31",244, 1625088.00 1849344.00 1759641.60 3026106.87
"2018/08/31 23:01:32",244, 1625088.00 1845657.60 1760256.00 3024212.98
"2018/08/31 23:01:33",244, 1625088.00 1850572.80 1759027.20 3026500.85
"2018/08/31 23:01:34",244, 1625088.00 1851187.20 1760256.00 3027590.83
"2018/08/31 23:01:35",244, 1625088.00 1849958.40 1760256.00 3026839.65
"2018/08/31 23:01:36",244, 1625088.00 1851187.20 1760870.40 3027948.09
"2018/08/31 23:01:37",244, 1625088.00 1847500.80 1760256.00 3025338.23
"2018/08/31 23:01:38",244, 1623244.80 1848729.60 1760256.00 3025099.34
"2018/08/31 23:01:39",244, 1625088.00 1845043.20 1761484.80 3024553.54
"2018/08/31 23:01:40",244, 1624473.60 1851187.20 1760870.40 3027618.39
"2018/08/31 23:01:41",244, 1624473.60 1848115.20 1760256.00 3025383.52
"2018/08/31 23:01:42",244, 1624473.60 1851187.20 1760870.40 3027618.39
"2018/08/31 23:01:43",244, 1624473.60 1849958.40 1759027.20 3025795.31
"2018/08/31 23:01:44",244, 1623859.20 1845043.20 1762713.60 3024609.45
"2018/08/31 23:01:45",244, 1624473.60 1848115.20 1759641.60 3025026.09
"2018/08/31 23:01:46",244, 1623859.20 1851187.20 1760870.40 3027288.77
"2018/08/31 23:01:47",244, 1621401.60 1845043.20 1763328.00 3023648.99
"2018/08/31 23:01:48",244, 1623859.20 1848115.20 1759641.60 3024696.19
"2018/08/31 23:01:49",244, 1624473.60 1850572.80 1759027.20 3026170.99
"2018/08/31 23:01:50",244, 1624473.60 1845043.20 1761484.80 3024223.47
"2018/08/31 23:01:51",244, 1623859.20 1850572.80 1759641.60 3026198.43
"2018/08/31 23:01:52",244, 1624473.60 1851187.20 1760256.00 3027261.09
"2018/08/31 23:01:53",244, 1624473.60 1851187.20 1759027.20 3026546.75
"2018/08/31 23:01:54",244, 1623859.20 1845043.20 1761484.80 3023893.49
"2018/08/31 23:01:55",244, 1624473.60 1845043.20 1761484.80 3024223.47
"2018/08/31 23:01:56",244, 1624473.60 1851187.20 1759027.20 3026546.75
"2018/08/31 23:01:57",244, 1623859.20 1850572.80 1759027.20 3025841.22
"2018/08/31 23:01:58",244, 1624473.60 1850572.80 1759641.60 3026528.16
"2018/08/31 23:01:58",244, 1624473.60 1850572.80 1759641.60 3026528.16
